<?xml version="1.0" encoding="UTF-8"?>
<project-private xmlns="http://www.netbeans.org/ns/project-private/1">
    <editor-bookmarks xmlns="http://www.netbeans.org/ns/editor-bookmarks/2" lastBookmarkId="0"/>
    <open-files xmlns="http://www.netbeans.org/ns/projectui-open-files/2">
        <group>
            <file>file:/C:/xampp/htdocs/geoCountry/routes/web.php</file>
            <file>file:/C:/xampp/htdocs/geoCountry/public/index.php</file>
            <file>file:/C:/xampp/htdocs/geoCountry/app/Http/Controllers/clsCountryManip.php</file>
            <file>file:/C:/xampp/htdocs/geoCountry/app/Models/modCountryManip.php</file>
            <file>file:/C:/xampp/htdocs/geoCountry/routes/api.php</file>
        </group>
    </open-files>
</project-private>
